1,8,kabineet
2,9,kabineet
3,10,kabineet
4,11,kabineet
5,12,kabineet
6,13,kabineet
7,14,kabineet
8,15,kabineet
9,16,kabineet
10,17,kabineet
11,18,kabineet
12,19,kabineet
13,20,kabineet
14,21,kabineet
15,22,kabineet
16,23,kabineet
17,24,kabineet
18,25,kabineet
19,26,kabineet
20,27,kabineet
21,28,kabineet
22,29,kabineet
23,30,kabineet
24,31,kabineet
25,32,kabineet
26,33,kabineet
27,34,kabineet
28,35,kabineet
29,36,kabineet
30,37,kabineet
31,38,kabineet
32,39,kabineet
33,40,kabineet
34,41,kabineet
35,42,kabineet
36,43,kabineet
37,44,kabineet
38,45,kabineet
39,46,kabineet
40,47,kabineet
41,48,kabineet
42,49,kabineet
43,50,kabineet
44,51,kabineet
45,52,kabineet
46,53,kabineet
47,54,kabineet
48,55,kabineet
49,56,kabineet
50,57,kabineet
51,58,kabineet
52,59,kabineet
